{"train_loss": [1.0637372732162476, 0.7240701913833618, 0.6542925238609314, 0.5999091863632202, 0.559741735458374, 0.5175543427467346, 0.49570751190185547, 0.4672740697860718, 0.4370603561401367, 0.4079362750053406, 0.3814293146133423, 0.3653898537158966, 0.3425171971321106, 0.3080107569694519, 0.28994759917259216, 0.2666604518890381, 0.24104930460453033, 0.3150574564933777, 0.28442078828811646, 0.27033936977386475, 0.24891197681427002, 0.23573487997055054, 0.30508941411972046, 0.28036069869995117, 0.2652871310710907, 0.25726017355918884, 0.2439603954553604, 0.23530489206314087, 0.22463974356651306, 0.2149970829486847, 0.20843708515167236, 0.19912973046302795, 0.1893189549446106, 0.19091403484344482, 0.21611090004444122, 0.20734567940235138, 0.20351921021938324, 0.19705213606357574, 0.19541500508785248, 0.211136132478714], "train_acc": [0.5550000071525574, 0.6782812476158142, 0.7074999809265137, 0.7362499833106995, 0.7567187547683716, 0.7759374976158142, 0.7860937714576721, 0.7970312237739563, 0.817187488079071, 0.8306249976158142, 0.8417187333106995, 0.8498437404632568, 0.8606250286102295, 0.8745312690734863, 0.8828125, 0.8907812237739563, 0.9087499976158142, 0.8715624809265137, 0.887499988079071, 0.8904687762260437, 0.8989062309265137, 0.9057812690734863, 0.8795312643051147, 0.8873437643051147, 0.8907812237739563, 0.8949999809265137, 0.9037500023841858, 0.9071875214576721, 0.9120312333106995, 0.914843738079071, 0.9217187762260437, 0.9248437285423279, 0.9298437237739563, 0.9260937571525574, 0.914843738079071, 0.9240624904632568, 0.9246875047683716, 0.9268749952316284, 0.9270312786102295, 0.9182812571525574], "valid_loss": [0.8322380781173706, 0.7250204682350159, 0.6063957810401917, 0.5514314770698547, 0.5591845512390137, 0.5208670496940613, 0.5126327276229858, 0.5233604311943054, 0.5065414309501648, 0.49354779720306396, 0.49034714698791504, 0.4874884784221649, 0.4978000521659851, 0.5111826062202454, 0.5429701805114746, 0.5291646122932434, 0.538548469543457, 0.4895973205566406, 0.49950191378593445, 0.49715858697891235, 0.4894387125968933, 0.5020611882209778, 0.46953973174095154, 0.4663737118244171, 0.4640558362007141, 0.46390190720558167, 0.4660866856575012, 0.4621456563472748, 0.4602719843387604, 0.46897032856941223, 0.468047171831131, 0.4640539884567261, 0.4682556390762329, 0.4660203456878662, 0.46507686376571655, 0.4670310914516449, 0.4663829505443573, 0.465922087430954, 0.46603381633758545, 0.4595838487148285], "valid_acc": [0.6187499761581421, 0.6387500166893005, 0.7287499904632568, 0.7674999833106995, 0.7562500238418579, 0.7762500047683716, 0.7900000214576721, 0.7900000214576721, 0.7912499904632568, 0.8075000047683716, 0.7975000143051147, 0.8012499809265137, 0.8125, 0.8025000095367432, 0.7987499833106995, 0.8037499785423279, 0.8062499761581421, 0.8162500262260437, 0.8075000047683716, 0.8149999976158142, 0.8112499713897705, 0.8125, 0.8174999952316284, 0.8224999904632568, 0.8199999928474426, 0.824999988079071, 0.8174999952316284, 0.8299999833106995, 0.8324999809265137, 0.8262500166893005, 0.831250011920929, 0.8362500071525574, 0.8349999785423279, 0.8374999761581421, 0.8287500143051147, 0.8337500095367432, 0.8324999809265137, 0.831250011920929, 0.8337500095367432, 0.8349999785423279], "test_loss": [0.795600414276123, 0.7144840359687805, 0.5730948448181152, 0.5248978137969971, 0.5231676697731018, 0.4899749755859375, 0.4842317998409271, 0.486970990896225, 0.47064104676246643, 0.45580676198005676, 0.4624598026275635, 0.45022204518318176, 0.46327483654022217, 0.4791775941848755, 0.49760669469833374, 0.49778419733047485, 0.45022204518318176, 0.4338335692882538, 0.44198185205459595, 0.4387834072113037, 0.4325445592403412, 0.45022204518318176, 0.41934800148010254, 0.4150938391685486, 0.41885825991630554, 0.41529491543769836, 0.4183470606803894, 0.4180101752281189, 0.4158307611942291, 0.41867953538894653, 0.41364264488220215, 0.4118851125240326, 0.41573309898376465, 0.4158307611942291, 0.4149037301540375, 0.41712215542793274, 0.4152430295944214, 0.41402122378349304, 0.4158307611942291, 0.4105806052684784], "test_acc": [0.6324999928474426, 0.6775000095367432, 0.7425000071525574, 0.7649999856948853, 0.7612500190734863, 0.78125, 0.7887499928474426, 0.7875000238418579, 0.8025000095367432, 0.8224999904632568, 0.8037499785423279, 0.8112499713897705, 0.8262500166893005, 0.8125, 0.8100000023841858, 0.8100000023841858, 0.8112499713897705, 0.8199999928474426, 0.8237500190734863, 0.8199999928474426, 0.8237500190734863, 0.8112499713897705, 0.8424999713897705, 0.8324999809265137, 0.831250011920929, 0.8337500095367432, 0.8262500166893005, 0.8262500166893005, 0.8287500143051147, 0.831250011920929, 0.8462499976158142, 0.8374999761581421, 0.8299999833106995, 0.8287500143051147, 0.8374999761581421, 0.8337500095367432, 0.8349999785423279, 0.8424999713897705, 0.8287500143051147, 0.8500000238418579], "epoch_times": [77.84458780288696, 72.08185601234436, 69.60102844238281, 71.53260803222656, 70.66559052467346, 67.66884350776672, 68.02867555618286, 67.15136933326721, 84.4365222454071, 60.08338236808777, 59.5682897567749, 59.583818435668945, 58.90986132621765, 67.05903387069702, 80.86508774757385, 69.53099989891052, 70.76749038696289, 72.1366195678711, 70.37759232521057, 69.97208023071289, 70.0041093826294, 69.98715329170227, 69.64788103103638, 69.43428158760071, 69.54194736480713, 71.08500576019287, 71.3781726360321, 69.61217069625854, 70.05076456069946, 68.44630408287048, 67.14626097679138, 68.60591864585876, 64.22452473640442, 63.35592555999756, 63.579087257385254, 63.72916340827942, 63.95065665245056, 62.27101182937622, 61.154778242111206, 63.54518938064575], "average_epoch_time": 68.2153911113739}