{"train_loss": [0.42082786560058594, 0.3836463987827301, 0.35744380950927734, 0.3353785574436188, 0.31523001194000244, 0.29651862382888794, 0.2788509726524353, 0.2616020739078522, 0.24500466883182526, 0.3089294731616974, 0.29695990681648254, 0.28698399662971497, 0.2774483561515808, 0.2682974934577942, 0.3069009482860565, 0.29860273003578186, 0.2927764654159546, 0.2873549461364746, 0.2822606563568115, 0.3069210648536682, 0.3003358244895935, 0.2965601980686188, 0.293382465839386, 0.29047372937202454, 0.28769659996032715, 0.28503352403640747, 0.2824488878250122, 0.27991876006126404, 0.27743521332740784, 0.2750161290168762, 0.27261826395988464, 0.2702758312225342, 0.2679743766784668, 0.2656891942024231, 0.26343661546707153, 0.2612248659133911, 0.2590457797050476, 0.25689074397087097, 0.25474706292152405, 0.26315420866012573], "train_acc": [0.8284375071525574, 0.8493750095367432, 0.8637499809265137, 0.8753125071525574, 0.8860937356948853, 0.897656261920929, 0.907031238079071, 0.9165624976158142, 0.9243749976158142, 0.8885937333106995, 0.8957812786102295, 0.9012500047683716, 0.9084374904632568, 0.913281261920929, 0.8893749713897705, 0.8946874737739563, 0.8971874713897705, 0.9001562595367432, 0.9034374952316284, 0.8890625238418579, 0.8924999833106995, 0.8954687714576721, 0.8974999785423279, 0.8985937237739563, 0.8996875286102295, 0.9010937213897705, 0.9021875262260437, 0.9042187333106995, 0.9051562547683716, 0.9057812690734863, 0.907031238079071, 0.9082812666893005, 0.9092187285423279, 0.9103124737739563, 0.9114062786102295, 0.9129687547683716, 0.9134374856948853, 0.9143750071525574, 0.9157812595367432, 0.9104687571525574], "valid_loss": [0.3444819152355194, 0.3442622423171997, 0.34207600355148315, 0.34132832288742065, 0.34303778409957886, 0.34795036911964417, 0.34849873185157776, 0.3515043556690216, 0.3540339171886444, 0.3490810692310333, 0.34875258803367615, 0.34827274084091187, 0.34924304485321045, 0.3490992784500122, 0.34840473532676697, 0.34748202562332153, 0.34634754061698914, 0.3460914194583893, 0.34609103202819824, 0.3436703383922577, 0.3418469727039337, 0.3413548171520233, 0.3410005271434784, 0.34059032797813416, 0.3403671383857727, 0.3403142988681793, 0.3403221368789673, 0.34027740359306335, 0.34033504128456116, 0.3402623236179352, 0.34024083614349365, 0.34021705389022827, 0.34026482701301575, 0.34014731645584106, 0.3401872515678406, 0.3403008282184601, 0.34024879336357117, 0.3403525948524475, 0.3404296040534973, 0.339232861995697], "valid_acc": [0.8637499809265137, 0.8675000071525574, 0.8637499809265137, 0.8637499809265137, 0.862500011920929, 0.8612499833106995, 0.8575000166893005, 0.856249988079071, 0.8537499904632568, 0.856249988079071, 0.856249988079071, 0.856249988079071, 0.8587499856948853, 0.856249988079071, 0.8575000166893005, 0.8587499856948853, 0.8587499856948853, 0.856249988079071, 0.8550000190734863, 0.8600000143051147, 0.8575000166893005, 0.8575000166893005, 0.8587499856948853, 0.8587499856948853, 0.8575000166893005, 0.8612499833106995, 0.862500011920929, 0.862500011920929, 0.862500011920929, 0.862500011920929, 0.862500011920929, 0.8612499833106995, 0.8612499833106995, 0.8612499833106995, 0.8612499833106995, 0.862500011920929, 0.8637499809265137, 0.8637499809265137, 0.8637499809265137, 0.8637499809265137], "test_loss": [0.34487593173980713, 0.34469839930534363, 0.34346869587898254, 0.34389764070510864, 0.34565284848213196, 0.3497975468635559, 0.35209327936172485, 0.3559766709804535, 0.34389764070510864, 0.35190626978874207, 0.35205379128456116, 0.3519497215747833, 0.353016197681427, 0.34389764070510864, 0.35052910447120667, 0.3505275249481201, 0.3496250510215759, 0.3496529459953308, 0.34389764070510864, 0.3422612249851227, 0.3422752022743225, 0.3424800932407379, 0.3424612283706665, 0.34226271510124207, 0.34200531244277954, 0.34208714962005615, 0.3421577513217926, 0.34229424595832825, 0.3423609435558319, 0.342327356338501, 0.3423368036746979, 0.34232810139656067, 0.34231019020080566, 0.3421776294708252, 0.3423192501068115, 0.34244057536125183, 0.3423862159252167, 0.34247317910194397, 0.3421776294708252, 0.3411182761192322], "test_acc": [0.8462499976158142, 0.8537499904632568, 0.8550000190734863, 0.8550000190734863, 0.8575000166893005, 0.8537499904632568, 0.8600000143051147, 0.8575000166893005, 0.8550000190734863, 0.8462499976158142, 0.8475000262260437, 0.8462499976158142, 0.8487499952316284, 0.8550000190734863, 0.8487499952316284, 0.8500000238418579, 0.8525000214576721, 0.8525000214576721, 0.8550000190734863, 0.8537499904632568, 0.8537499904632568, 0.8525000214576721, 0.8500000238418579, 0.8512499928474426, 0.8525000214576721, 0.8512499928474426, 0.8512499928474426, 0.8525000214576721, 0.8525000214576721, 0.8525000214576721, 0.8525000214576721, 0.8525000214576721, 0.8525000214576721, 0.8525000214576721, 0.8525000214576721, 0.8525000214576721, 0.8525000214576721, 0.8537499904632568, 0.8525000214576721, 0.8537499904632568], "epoch_times": [420.19695711135864, 380.7260527610779, 372.7588441371918, 377.723757982254, 399.7751853466034, 444.2884340286255, 452.2108082771301, 393.72659134864807, 365.1214060783386, 379.814252614975, 464.05208587646484, 427.5729651451111, 419.8297379016876, 442.3403408527374, 422.91623163223267, 423.9247167110443, 430.9973804950714, 407.5759086608887, 423.12260341644287, 400.59232902526855, 395.42807722091675, 368.67045855522156, 368.4977617263794, 367.10487842559814, 366.8750534057617, 366.6442084312439, 366.0168881416321, 366.87151312828064, 531.7699928283691, 536.0785613059998, 454.93516755104065, 367.4771544933319, 367.06324768066406, 367.02729415893555, 366.3834421634674, 378.2493121623993, 384.3615572452545, 363.00206685066223, 364.1724808216095, 378.8095507621765], "average_epoch_time": 401.86763141155245}