{"train_loss": [0.964799165725708, 0.7234090566635132, 0.6334575414657593, 0.569775402545929, 0.507681667804718, 0.45243629813194275, 0.407647043466568, 0.3636844754219055, 0.3291395604610443, 0.2839374244213104, 0.42657992243766785, 0.3861529529094696, 0.3512052297592163, 0.3190910220146179, 0.2872990071773529, 0.2562210261821747, 0.3831453323364258, 0.3600994348526001, 0.34093302488327026, 0.32317569851875305, 0.3062187731266022, 0.2897815704345703, 0.27379775047302246, 0.2580626606941223, 0.2426018863916397, 0.22734007239341736, 0.212179034948349, 0.19762958586215973, 0.26381465792655945, 0.254815936088562, 0.24622154235839844, 0.2380257546901703, 0.23029905557632446, 0.2709338665008545, 0.26189929246902466, 0.256692498922348, 0.2521889805793762, 0.24793213605880737, 0.2764352560043335, 0.26498162746429443], "train_acc": [0.5795312523841858, 0.6771875023841858, 0.7217187285423279, 0.7579687237739563, 0.7868750095367432, 0.8120312690734863, 0.8356249928474426, 0.8565624952316284, 0.8745312690734863, 0.8949999809265137, 0.8268749713897705, 0.8489062786102295, 0.8667187690734863, 0.8817187547683716, 0.8971874713897705, 0.9126562476158142, 0.850781261920929, 0.8604687452316284, 0.8698437213897705, 0.8793749809265137, 0.8881250023841858, 0.8974999785423279, 0.9053124785423279, 0.9120312333106995, 0.9201562404632568, 0.9267187714576721, 0.9351562261581421, 0.9426562786102295, 0.9110937714576721, 0.9142187237739563, 0.9182812571525574, 0.9229687452316284, 0.9262499809265137, 0.9040625095367432, 0.9071875214576721, 0.9112499952316284, 0.9134374856948853, 0.9164062738418579, 0.9021875262260437, 0.9067187309265137], "valid_loss": [0.7567445635795593, 0.8443424105644226, 0.6502848863601685, 0.5894964337348938, 0.588239312171936, 0.6104633808135986, 0.6172794103622437, 0.6271933317184448, 0.7431610226631165, 0.8748925924301147, 0.5222951173782349, 0.5267952680587769, 0.5485800504684448, 0.6054487824440002, 0.6494260430335999, 0.688212513923645, 0.45698070526123047, 0.44764527678489685, 0.4477202892303467, 0.44430088996887207, 0.4418010413646698, 0.4408074617385864, 0.43892139196395874, 0.43936944007873535, 0.44007551670074463, 0.4414573311805725, 0.44221359491348267, 0.4470072090625763, 0.4506229758262634, 0.45222365856170654, 0.45380350947380066, 0.4539334774017334, 0.45473015308380127, 0.4450766444206238, 0.44485771656036377, 0.44445231556892395, 0.44410935044288635, 0.4431714713573456, 0.42194122076034546, 0.4230711758136749], "valid_acc": [0.6712499856948853, 0.6587499976158142, 0.7124999761581421, 0.7400000095367432, 0.7537500262260437, 0.7325000166893005, 0.7524999976158142, 0.768750011920929, 0.7524999976158142, 0.7450000047683716, 0.7574999928474426, 0.7587500214576721, 0.7612500190734863, 0.7487499713897705, 0.7400000095367432, 0.7362499833106995, 0.8050000071525574, 0.8112499713897705, 0.8149999976158142, 0.8162500262260437, 0.8137500286102295, 0.8075000047683716, 0.8087499737739563, 0.8087499737739563, 0.8112499713897705, 0.8162500262260437, 0.8199999928474426, 0.8212500214576721, 0.8075000047683716, 0.8075000047683716, 0.8100000023841858, 0.8075000047683716, 0.8112499713897705, 0.8125, 0.8125, 0.8137500286102295, 0.8137500286102295, 0.8125, 0.8224999904632568, 0.8224999904632568], "test_loss": [0.7766900658607483, 0.783622145652771, 0.6479144096374512, 0.6290651559829712, 0.6696627140045166, 0.6955042481422424, 0.7265216112136841, 0.7112773656845093, 0.7854191660881042, 0.6696627140045166, 0.5903975963592529, 0.6011452674865723, 0.6281734704971313, 0.6868240833282471, 0.7330787181854248, 0.5903975963592529, 0.5217623710632324, 0.5135478973388672, 0.5166074633598328, 0.5148610472679138, 0.5134875774383545, 0.5143400430679321, 0.5130439400672913, 0.5135536789894104, 0.5147644281387329, 0.5187609195709229, 0.5194082260131836, 0.5130439400672913, 0.49814507365226746, 0.49739810824394226, 0.4980139136314392, 0.499174028635025, 0.5130439400672913, 0.4972025752067566, 0.49724605679512024, 0.4969632625579834, 0.4967423677444458, 0.5130439400672913, 0.48902225494384766, 0.4898488223552704], "test_acc": [0.6487500071525574, 0.6700000166893005, 0.6949999928474426, 0.7325000166893005, 0.7200000286102295, 0.7149999737739563, 0.7162500023841858, 0.7300000190734863, 0.731249988079071, 0.7200000286102295, 0.7437499761581421, 0.7487499713897705, 0.7387499809265137, 0.7262499928474426, 0.7124999761581421, 0.7437499761581421, 0.7912499904632568, 0.7950000166893005, 0.7912499904632568, 0.7912499904632568, 0.793749988079071, 0.793749988079071, 0.7975000143051147, 0.8012499809265137, 0.8012499809265137, 0.800000011920929, 0.800000011920929, 0.7975000143051147, 0.8062499761581421, 0.8062499761581421, 0.8087499737739563, 0.8075000047683716, 0.7975000143051147, 0.8025000095367432, 0.8012499809265137, 0.8037499785423279, 0.8037499785423279, 0.7975000143051147, 0.8037499785423279, 0.8050000071525574], "epoch_times": [449.5633211135864, 364.72371554374695, 366.302428483963, 365.25642347335815, 376.96693110466003, 364.28007411956787, 362.8352732658386, 364.0239384174347, 363.4464590549469, 384.7948100566864, 372.6362416744232, 375.46025943756104, 382.41100907325745, 364.5660183429718, 365.02379512786865, 519.4145774841309, 524.1203100681305, 525.0698447227478, 525.5387287139893, 523.8470170497894, 373.3749260902405, 362.0168881416321, 362.1155831813812, 363.90309023857117, 368.42376732826233, 370.299090385437, 373.1970727443695, 342.32203912734985, 340.0340151786804, 340.1182668209076, 340.0830330848694, 340.1017391681671, 340.30838346481323, 340.0086932182312, 339.9448449611664, 339.96152448654175, 340.0189919471741, 340.25197982788086, 340.73572969436646, 340.0271809101105], "average_epoch_time": 380.93820040822027}